{
    
    "Items": [{
        "title": "Item1",
        "img": "http://i00.i.aliimg.com/wsphoto/v0/32301971688_1/2015-NEW-Color-plush-cloth-font-b-toys-b-font-by-hand-Small-like-small-dolls.jpg",
        "desc": "Doll"
    },{
        "title": "Item2",
        "img": "http://www.goldcoastcityflowers.com.au/media/catalog/product/cache/1/image/9df78eab33525d08d6e5fb8d27136e95/t/e/teddy-bear-small-20cm-brown-flowers-gold-coast.jpg",
        "desc": "Teddybear"
    },{
        "title": "Item3",
        "img": "http://vignette2.wikia.nocookie.net/barbie-movies/images/d/dc/Barbie_The_Princess_%26_The_Popstar_Fairy_Small_Doll_Assortment_Pink.png/revision/latest?cb=20130419171634",
        "desc": "Barbie"
    }]
}
